,_id,Roll No,Name,Marks (%),Attendance (%),Section,Year,Phone Number
0,68048804886da3348ebe39a2,1001,Advik Gupta,90.38393211587169,87.67473763622263,A,1,9015238602
1,68048804886da3348ebe39a3,1002,Saanvi Kumar,77.12619458202735,84.22801094319308,A,1,9240413927
2,68048804886da3348ebe39a4,1003,Siya Gupta,52.85145058484061,62.03843857477462,A,1,8134966473
3,68048804886da3348ebe39a5,1004,Atharv Rathore,50.674410314229945,69.3096720690073,A,1,9974640119
4,68048804886da3348ebe39a6,1005,Priya Singh,74.10322040765413,100.0,A,1,9753202673
5,68048804886da3348ebe39a7,1006,Vivaan Mishra,56.96773781732006,64.73234951456311,A,1,9666921843
6,68048804886da3348ebe39a8,1007,Aryan Chauhan,55.0,92.6,A,1,9254114621
7,68048804886da3348ebe39a9,1008,Avni Agarwal,65.88512669726978,65.77936660355631,A,1,9212376428
8,68048804886da3348ebe39aa,1009,Amaira Bhatia,83.4801527981927,69.55485453856146,A,1,7363970848
9,68048804886da3348ebe39ab,1010,Vikram Bhatia,57.155030595846696,90.342727841279,A,1,9390085713
10,68048804886da3348ebe39ac,1011,Aditya Ghosh,53.0,75.0,A,1,9410490688
11,68048804886da3348ebe39ad,1012,Aisha Das,62.01905604080106,89.1633717465553,A,1,8082361779
12,68048804886da3348ebe39ae,1013,Neil Pandey,74.38033225869046,79.4418434451034,A,1,7354053404
13,68048804886da3348ebe39af,1014,Sai Tiwari,47.0,77.7,A,1,9242289111
14,68048804886da3348ebe39b0,1015,Kabir Nair,54.5,63.2,A,1,7787536861
15,68048804886da3348ebe39b1,1016,Arjun Mishra,77.7,74.1,A,1,6045284412
16,68048804886da3348ebe39b2,1017,Vikram Singh,54.421793783797256,69.79927966394581,A,1,7514717797
17,68048804886da3348ebe39b3,1018,Diya Naidu,56.24763853814619,86.32287789452539,A,1,8492469741
18,68048804886da3348ebe39b4,1019,Advik Jain,74.52692970727763,93.24796776111606,A,1,7946457151
19,68048804886da3348ebe39b5,1020,Ishaan Iyer,60.3,95.0,A,1,9243609257
20,68048804886da3348ebe39b6,1021,Ishaan Roy,97.7,81.2,A,1,9781237836
21,68048804886da3348ebe39b7,1022,Saanvi Kumar,69.36244794517103,82.69796702557315,A,1,9242706930
22,68048804886da3348ebe39b8,1023,Ayaan Iyer,84.46536955626593,52.46728247413531,A,1,9241084728
23,68048804886da3348ebe39b9,1024,Dhruv Jain,71.6,98.5,A,1,8753643076
24,68048804886da3348ebe39ba,1025,Shanaya Agarwal,85.21228149871214,100.0,A,1,8527719284
25,68048804886da3348ebe39bb,1026,Amit Patel,98.1,94.1,A,1,7681676935
26,68048804886da3348ebe39bc,1027,Mohammad Chopra,45.3,89.0,A,1,8967188001
27,68048804886da3348ebe39bd,1028,Ishaan Yadav,60.9,85.7,A,1,9283363302
28,68048804886da3348ebe39be,1029,Sneha Bose,56.4,96.0,A,1,6531733985
29,68048804886da3348ebe39bf,1030,Advika Bose,40.8,94.8,A,1,9654237491
30,68048804886da3348ebe39c0,1031,Aarav Sharma,59.6,76.6,A,1,6831354742
31,68048804886da3348ebe39c1,1032,Shaurya Kapoor,78.72522915905932,53.19279158257834,B,1,6204579876
32,68048804886da3348ebe39c2,1033,Kiara Gupta,24.71178532541413,73.99585262409953,B,1,6159920383
33,68048804886da3348ebe39c3,1034,Siya Shah,48.6,81.0,B,1,9814272464
34,68048804886da3348ebe39c4,1035,Amaira Naidu,79.70154780743471,90.31959904592978,B,1,9097049821
35,68048804886da3348ebe39c5,1036,Diya Chauhan,65.8,73.0,B,1,7499540587
36,68048804886da3348ebe39c6,1037,Zara Khan,67.00959947336298,78.20782959419635,B,1,9351466081
37,68048804886da3348ebe39c7,1038,Dhruv Rathore,76.6,90.6,B,1,6506683934
38,68048804886da3348ebe39c8,1039,Mishka Bhatia,66.15375225744367,73.98384827762501,B,1,7193127646
39,68048804886da3348ebe39c9,1040,Yash Reddy,57.0,75.0,B,1,7574948938
40,68048804886da3348ebe39ca,1041,Arjun Bhatia,62.0,79.8,B,1,9143978104
41,68048804886da3348ebe39cb,1042,Avika Agarwal,42.06129056503756,82.11029572778156,B,1,8087053353
42,68048804886da3348ebe39cc,1043,Aarav Nair,56.0,78.1,B,1,6958805382
43,68048804886da3348ebe39cd,1044,Atharv Joshi,71.1,77.7,B,1,9430536891
44,68048804886da3348ebe39ce,1045,Gauri Das,67.86712039424863,72.7247281181564,B,1,8336848192
45,68048804886da3348ebe39cf,1046,Myra Patel,49.3,72.5,B,1,8071154101
46,68048804886da3348ebe39d0,1047,Aadhya Agarwal,43.23293934659272,79.45810290634044,B,1,9576494810
47,68048804886da3348ebe39d1,1048,Advika Dubey,84.1,80.6,B,1,7247926664
48,68048804886da3348ebe39d2,1049,Rohan Bose,53.80269384214517,89.85887793043386,B,1,9102438683
49,68048804886da3348ebe39d3,1050,Rahul Nair,78.3,67.5,B,1,6829262965
50,68048804886da3348ebe39d4,1051,Myra Chauhan,99.4,90.1,B,1,7892749356
51,68048804886da3348ebe39d5,1052,Mishka Naidu,38.362991944707325,62.04561736542304,B,1,7983480923
52,68048804886da3348ebe39d6,1053,Arjun Gupta,61.5,79.8,B,1,8735890402
53,68048804886da3348ebe39d7,1054,Vihaan Gupta,70.7,98.5,B,1,8828896496
54,68048804886da3348ebe39d8,1055,Aarav Mishra,98.5,85.3,B,1,7252523695
55,68048804886da3348ebe39d9,1056,Zara Das,79.07951546668396,94.91151582364424,B,1,6286370773
56,68048804886da3348ebe39da,1057,Priya Shah,91.8,71.3,B,1,6179379337
57,68048804886da3348ebe39db,1058,Sneha Menon,40.7,76.4,B,1,7715614178
58,68048804886da3348ebe39dc,1059,Mishka Agarwal,42.60597223419711,92.30411386103057,B,1,9487791341
59,68048804886da3348ebe39dd,1060,Dhruv Pandey,86.3,65.2,B,1,7827222317
60,68048804886da3348ebe39de,1061,Yash Chauhan,43.1,64.6,B,1,6137033962
61,68048804886da3348ebe39df,1062,Aditya Tiwari,60.0,87.9,B,1,9437238126
62,68048804886da3348ebe39e0,1063,Atharv Chopra,85.60481894243512,80.6855342475803,C,1,6760386286
63,68048804886da3348ebe39e1,1064,Shaurya Chauhan,95.5,69.2,C,1,7633814004
64,68048804886da3348ebe39e2,1065,Aradhya Reddy,57.2,95.5,C,1,6467799239
65,68048804886da3348ebe39e3,1066,Sai Shah,86.16535264914128,80.80595053291248,C,1,9379772323
66,68048804886da3348ebe39e4,1067,Sai Rathore,71.49170725612814,90.42174207868075,C,1,8886909161
67,68048804886da3348ebe39e5,1068,Aditya Kumar,54.73001473283605,80.31162676715738,C,1,7616789437
68,68048804886da3348ebe39e6,1069,Ayaan Chauhan,65.4,62.8,C,1,8762287896
69,68048804886da3348ebe39e7,1070,Amit Khan,45.6,80.1,C,1,6948092137
70,68048804886da3348ebe39e8,1071,Shaurya Yadav,91.19787312322124,90.86078209429816,C,1,6626357427
71,68048804886da3348ebe39e9,1072,Advika Verma,45.42781911811668,78.77028006625928,C,1,8578297433
72,68048804886da3348ebe39ea,1073,Aarav Bose,89.9,91.0,C,1,6201106602
73,68048804886da3348ebe39eb,1074,Ishaan Malhotra,39.34365579166576,81.07733524095667,C,1,6253340846
74,68048804886da3348ebe39ec,1075,Dhruv Yadav,58.678197145833835,70.84426630270593,C,1,6618182517
75,68048804886da3348ebe39ed,1076,Riya Agarwal,91.8,63.6,C,1,6329208216
76,68048804886da3348ebe39ee,1077,Kiara Malhotra,57.07746465068818,68.92934745504553,C,1,9225830586
77,68048804886da3348ebe39ef,1078,Avni Pandey,64.39461208182985,97.05177246689057,C,1,7778291507
78,68048804886da3348ebe39f0,1079,Aarav Jain,55.0,96.6,C,1,8627798330
79,68048804886da3348ebe39f1,1080,Sarah Jain,81.99135403478897,94.65649917908527,C,1,6383913958
80,68048804886da3348ebe39f2,1081,Gauri Agarwal,85.94978702825983,81.9389726135465,C,1,9066521368
81,68048804886da3348ebe39f3,1082,Avni Joshi,25.461543029135278,65.18132047024791,C,1,9898913454
82,68048804886da3348ebe39f4,1083,Kiara Naidu,100.0,75.88178876746736,C,1,6337309106
83,68048804886da3348ebe39f5,1084,Saanvi Das,36.95997201632166,86.34754517720404,C,1,7343276515
84,68048804886da3348ebe39f6,1085,Kiara Dubey,69.7,86.8,C,1,6343536779
85,68048804886da3348ebe39f7,1086,Pooja Singh,52.0,80.2,C,1,9923756805
86,68048804886da3348ebe39f8,1087,Amaira Chauhan,69.4968028024732,73.42179441917884,C,1,9125860267
87,68048804886da3348ebe39f9,1088,Ayaan Verma,61.4,97.3,C,1,8821707809
88,68048804886da3348ebe39fa,1089,Diya Nair,83.7,95.6,C,1,8555464002
89,68048804886da3348ebe39fb,1090,Gauri Chopra,74.0,82.4,C,1,9594545268
90,68048804886da3348ebe39fc,1091,Neil Patel,69.62947166153982,84.35980735365077,C,1,6369331604
91,68048804886da3348ebe39fd,1092,Mohammad Yadav,58.3,61.7,C,1,8423170645
92,68048804886da3348ebe39fe,1093,Shanaya Iyer,78.78981132722456,60.540388271914495,C,1,8312294669
93,68048804886da3348ebe39ff,1094,Kabir Tiwari,70.15726740482947,81.05387868040509,D,1,6821420197
94,68048804886da3348ebe3a00,1095,Shanaya Chauhan,59.2,87.3,D,1,9682123861
95,68048804886da3348ebe3a01,1096,Pihu Pandey,52.0,95.4,D,1,6222607095
96,68048804886da3348ebe3a02,1097,Amit Reddy,56.7606794895351,67.56523231819821,D,1,7830620953
97,68048804886da3348ebe3a03,1098,Yash Bose,69.37610016041093,79.42174143572201,D,1,7874526361
98,68048804886da3348ebe3a04,1099,Krishna Rathore,50.0,96.1,D,1,8456442611
99,68048804886da3348ebe3a05,1100,Navya Ghosh,40.2,68.7,D,1,7072438648
100,68048804886da3348ebe3a06,1101,Pooja Shah,70.6,77.1,D,1,8528291970
101,68048804886da3348ebe3a07,1102,Aradhya Patel,72.47371240668515,56.69738068644204,D,1,6621390760
102,68048804886da3348ebe3a08,1103,Pari Naidu,70.02895912146863,63.042523297560464,D,1,9528597076
103,68048804886da3348ebe3a09,1104,Kiara Bhatia,59.3,98.0,D,1,7802290591
104,68048804886da3348ebe3a0a,1105,Kiara Sharma,87.9,72.9,D,1,8837008223
105,68048804886da3348ebe3a0b,1106,Anvi Sen,51.9,73.7,D,1,7133400534
106,68048804886da3348ebe3a0c,1107,Aarav Khan,77.55039431291829,70.60461663470547,D,1,6889216647
107,68048804886da3348ebe3a0d,1108,Krishna Nair,59.4,93.7,D,1,9135122478
108,68048804886da3348ebe3a0e,1109,Ishani Patel,42.42741694195998,72.9314537280185,D,1,8890181864
109,68048804886da3348ebe3a0f,1110,Aryan Malhotra,100.0,78.79697946597973,D,1,9610116295
110,68048804886da3348ebe3a10,1111,Advika Pandey,72.27877416080626,76.75388852805189,D,1,9732323632
111,68048804886da3348ebe3a11,1112,Pari Menon,90.05199309747617,76.74567161642366,D,1,6694258506
112,68048804886da3348ebe3a12,1113,Amaira Mehta,84.86577660509303,54.14029988248387,D,1,8577462228
113,68048804886da3348ebe3a13,1114,Vikram Verma,54.5,74.2,D,1,9369861697
114,68048804886da3348ebe3a14,1115,Vihaan Chauhan,98.20230655731386,56.653784993415435,D,1,7619253268
115,68048804886da3348ebe3a15,1116,Ananya Khan,74.2,66.1,D,1,9128757164
116,68048804886da3348ebe3a16,1117,Vihaan Patel,52.7,66.9,D,1,7981692284
117,68048804886da3348ebe3a17,1118,Anika Verma,100.0,92.69114731731058,D,1,7298494295
118,68048804886da3348ebe3a18,1119,Sneha Agarwal,42.724268626391186,100.0,D,1,9489544560
119,68048804886da3348ebe3a19,1120,Navya Chopra,66.38243745117376,68.96393385641122,D,1,6013909509
120,68048804886da3348ebe3a1a,1121,Aarav Iyer,74.7,89.7,D,1,8635643858
121,68048804886da3348ebe3a1b,1122,Saanvi Bhatia,81.75319267046368,76.7255919863361,D,1,7059696465
122,68048804886da3348ebe3a1c,1123,Pihu Bose,100.0,78.4151908907609,D,1,8720507156
123,68048804886da3348ebe3a1d,1124,Priya Chauhan,76.35370334821728,100.0,D,1,7265140523
124,68048804886da3348ebe3a1e,1125,Pari Sen,93.1,82.0,D,1,9304660816
125,68048804886da3348ebe3a1f,2001,Aryan Bose,97.99411944029805,78.37069851434168,A,2,7367800812
126,68048804886da3348ebe3a20,2002,Pihu Kumar,55.27364350940857,84.39581342484266,A,2,8434181236
127,68048804886da3348ebe3a21,2003,Ishaan Das,68.2,82.1,A,2,7620005332
128,68048804886da3348ebe3a22,2004,Dev Mehta,95.40562182105843,80.53758519878545,A,2,9649731390
129,68048804886da3348ebe3a23,2005,Advika Agarwal,55.344057485847735,82.98678558580427,A,2,8478693796
130,68048804886da3348ebe3a24,2006,Sneha Tiwari,95.13341959474249,69.74501882109962,A,2,7164631899
131,68048804886da3348ebe3a25,2007,Atharv Verma,76.28249652218095,92.69344475497768,A,2,8931033476
132,68048804886da3348ebe3a26,2008,Krishna Pandey,47.19317505071112,75.97321108861333,A,2,9755822984
133,68048804886da3348ebe3a27,2009,Rahul Sharma,43.4,80.1,A,2,6473462260
134,68048804886da3348ebe3a28,2010,Aradhya Bhatia,69.4,78.8,A,2,9996517820
135,68048804886da3348ebe3a29,2011,Rahul Patel,80.6962714729654,83.48929971608678,A,2,6382122570
136,68048804886da3348ebe3a2a,2012,Dhruv Pandey,94.48945462216439,87.62514610280947,A,2,9019338118
137,68048804886da3348ebe3a2b,2013,Advik Joshi,90.05264692262452,85.20061876691443,A,2,9607451846
138,68048804886da3348ebe3a2c,2014,Sneha Joshi,66.072720129911,73.76465222590542,A,2,8160302399
139,68048804886da3348ebe3a2d,2015,Sai Verma,57.3,70.7,A,2,9049012563
140,68048804886da3348ebe3a2e,2016,Neil Chopra,100.0,100.0,A,2,8995202049
141,68048804886da3348ebe3a2f,2017,Aditya Chopra,73.69402776708839,70.2005044700073,A,2,6541493308
142,68048804886da3348ebe3a30,2018,Mohammad Iyer,79.6,78.0,A,2,8597896832
143,68048804886da3348ebe3a31,2019,Vihaan Roy,100.0,100.0,A,2,8064209951
144,68048804886da3348ebe3a32,2020,Pooja Rathore,97.6,80.9,A,2,6646394969
145,68048804886da3348ebe3a33,2021,Saanvi Bose,42.327169735247416,82.22047978306453,A,2,7357726942
146,68048804886da3348ebe3a34,2022,Kiara Kumar,49.3739911172938,77.9365840602631,A,2,8299342039
147,68048804886da3348ebe3a35,2023,Atharv Ghosh,94.6,69.8,A,2,6191693422
148,68048804886da3348ebe3a36,2024,Riya Dubey,68.4,65.4,A,2,6131616688
149,68048804886da3348ebe3a37,2025,Reyansh Kumar,45.1,92.3,A,2,8898390474
150,68048804886da3348ebe3a38,2026,Atharv Ghosh,98.6,80.3,A,2,6760844445
151,68048804886da3348ebe3a39,2027,Advik Iyer,98.50313844847003,100.0,A,2,9764791025
152,68048804886da3348ebe3a3a,2028,Shaurya Naidu,48.4752879631746,86.5970002550645,A,2,8480016035
153,68048804886da3348ebe3a3b,2029,Aditya Shah,81.49503007681625,100.0,A,2,9737129061
154,68048804886da3348ebe3a3c,2030,Gauri Sharma,54.3497111961605,62.845697577076045,A,2,6875376566
155,68048804886da3348ebe3a3d,2031,Pooja Verma,83.2846869553,100.0,A,2,8913915720
156,68048804886da3348ebe3a3e,2032,Vikram Iyer,75.2433734158664,76.63719719758527,B,2,7056099349
157,68048804886da3348ebe3a3f,2033,Reyansh Patel,100.0,91.93386640132908,B,2,6592402549
158,68048804886da3348ebe3a40,2034,Avika Shah,79.0,84.9,B,2,7808810855
159,68048804886da3348ebe3a41,2035,Shaurya Sen,45.028606298523755,74.19914055816015,B,2,6481517759
160,68048804886da3348ebe3a42,2036,Sai Mishra,80.08140301096283,100.0,B,2,9713927276
161,68048804886da3348ebe3a43,2037,Aryan Shah,46.965873002963875,75.32109690976351,B,2,9274109556
162,68048804886da3348ebe3a44,2038,Navya Kumar,98.01494917260683,79.3254458001753,B,2,8730850194
163,68048804886da3348ebe3a45,2039,Anvi Joshi,71.8,79.0,B,2,9901301050
164,68048804886da3348ebe3a46,2040,Pari Sharma,45.01357469787644,47.35776547717614,B,2,6970640064
165,68048804886da3348ebe3a47,2041,Avni Reddy,76.68345527483359,100.0,B,2,8945054360
166,68048804886da3348ebe3a48,2042,Neil Menon,60.67640416667082,87.18132993584648,B,2,9081864614
167,68048804886da3348ebe3a49,2043,Advika Yadav,71.4,65.3,B,2,7503238494
168,68048804886da3348ebe3a4a,2044,Vivaan Rathore,49.8,70.4,B,2,8989152533
169,68048804886da3348ebe3a4b,2045,Anvi Das,34.033619658142484,53.28285130754804,B,2,8030457981
170,68048804886da3348ebe3a4c,2046,Ananya Reddy,63.36478007535476,84.08044303442303,B,2,7811962394
171,68048804886da3348ebe3a4d,2047,Aisha Yadav,69.5,66.8,B,2,6487908071
172,68048804886da3348ebe3a4e,2048,Diya Chopra,74.36763300683889,55.14971867292174,B,2,8442647526
173,68048804886da3348ebe3a4f,2049,Atharv Khan,78.40918457502133,55.97348041669109,B,2,8831385420
174,68048804886da3348ebe3a50,2050,Priya Bhatia,41.647934373187624,80.54781160629994,B,2,9853545985
175,68048804886da3348ebe3a51,2051,Riya Singh,49.4,80.0,B,2,8176510978
176,68048804886da3348ebe3a52,2052,Mishka Jain,38.000791309925994,74.11820686517015,B,2,6269442087
177,68048804886da3348ebe3a53,2053,Pooja Mishra,82.96994661910432,70.56171976502009,B,2,8322379309
178,68048804886da3348ebe3a54,2054,Rahul Menon,100.0,96.1940468008641,B,2,8396007021
179,68048804886da3348ebe3a55,2055,Reyansh Tiwari,58.146272190371825,95.11474672881384,B,2,6203189175
180,68048804886da3348ebe3a56,2056,Pari Chauhan,80.42818000780419,49.96918224992856,B,2,8465406009
181,68048804886da3348ebe3a57,2057,Anika Dubey,49.42229723907549,73.5895669211028,B,2,6905833569
182,68048804886da3348ebe3a58,2058,Diya Mishra,59.26659286736184,72.40972243692583,B,2,8143680663
183,68048804886da3348ebe3a59,2059,Rudra Bhatia,57.8,72.8,B,2,8458223356
184,68048804886da3348ebe3a5a,2060,Pari Nair,93.76581647829897,79.87057877474817,B,2,7474481697
185,68048804886da3348ebe3a5b,2061,Vivaan Jain,77.98888512260832,59.953649613780065,B,2,8290031729
186,68048804886da3348ebe3a5c,2062,Ishani Chauhan,28.133163563821668,48.87523060757442,B,2,6430873815
187,68048804886da3348ebe3a5d,2063,Riya Kapoor,85.8,71.9,C,2,9048611263
188,68048804886da3348ebe3a5e,2064,Sneha Yadav,76.57146350070326,86.02966262708769,C,2,8145084577
189,68048804886da3348ebe3a5f,2065,Dev Gupta,76.2,77.7,C,2,9264166838
190,68048804886da3348ebe3a60,2066,Arjun Khan,78.23753071799045,68.0086295036745,C,2,9675741279
191,68048804886da3348ebe3a61,2067,Aradhya Reddy,57.54691397897069,64.0535951064102,C,2,8358067928
192,68048804886da3348ebe3a62,2068,Rahul Sen,66.9,67.3,C,2,7757827288
193,68048804886da3348ebe3a63,2069,Arjun Kumar,80.1,69.5,C,2,7905509910
194,68048804886da3348ebe3a64,2070,Amaira Iyer,70.04717339978492,82.66861399247591,C,2,8304637638
195,68048804886da3348ebe3a65,2071,Vikram Rathore,82.3,81.6,C,2,7801078430
196,68048804886da3348ebe3a66,2072,Sarah Kumar,40.1,73.1,C,2,8083010909
197,68048804886da3348ebe3a67,2073,Ananya Kapoor,90.5,79.1,C,2,9947222557
198,68048804886da3348ebe3a68,2074,Myra Kumar,48.6,61.3,C,2,8064607077
199,68048804886da3348ebe3a69,2075,Neil Joshi,80.0,95.5,C,2,7804165282
200,68048804886da3348ebe3a6a,2076,Aisha Kumar,82.44829567191303,90.22605164858152,C,2,9685906048
201,68048804886da3348ebe3a6b,2077,Diya Yadav,58.0918374550926,51.37883056686708,C,2,8965365391
202,68048804886da3348ebe3a6c,2078,Avni Rathore,38.529913979534335,82.44845482159347,C,2,9670028983
203,68048804886da3348ebe3a6d,2079,Vihaan Joshi,98.4,83.4,C,2,9774950480
204,68048804886da3348ebe3a6e,2080,Vihaan Shah,90.44375347207391,66.13334405397201,C,2,9587505841
205,68048804886da3348ebe3a6f,2081,Navya Chopra,58.3,89.2,C,2,7027662575
206,68048804886da3348ebe3a70,2082,Ishani Naidu,44.6,74.9,C,2,6985408450
207,68048804886da3348ebe3a71,2083,Myra Das,50.95277164385966,84.78541644567444,C,2,6728551669
208,68048804886da3348ebe3a72,2084,Mishka Verma,76.1,60.2,C,2,7922056677
209,68048804886da3348ebe3a73,2085,Neil Khan,79.6,73.9,C,2,7950248944
210,68048804886da3348ebe3a74,2086,Rahul Tiwari,66.4,95.4,C,2,7347047448
211,68048804886da3348ebe3a75,2087,Pihu Chauhan,69.97529387018051,75.7077363303468,C,2,7282374390
212,68048804886da3348ebe3a76,2088,Dhruv Chopra,52.39910882846804,63.76478778523956,C,2,8284483279
213,68048804886da3348ebe3a77,2089,Saanvi Das,37.33585254862942,57.8559313619368,C,2,7426703779
214,68048804886da3348ebe3a78,2090,Anvi Yadav,50.113687047498225,84.66118415345645,C,2,8768758626
215,68048804886da3348ebe3a79,2091,Pari Ghosh,83.1,69.3,C,2,6788488499
216,68048804886da3348ebe3a7a,2092,Neil Sen,100.0,100.0,C,2,7260756662
217,68048804886da3348ebe3a7b,2093,Arjun Pandey,100.0,89.64861258751306,C,2,9793111845
218,68048804886da3348ebe3a7c,2094,Amaira Joshi,79.0,79.0,D,2,9337209725
219,68048804886da3348ebe3a7d,2095,Advika Verma,68.1,95.3,D,2,8293600259
220,68048804886da3348ebe3a7e,2096,Amaira Mishra,65.56404922022924,62.86350966576158,D,2,9992790788
221,68048804886da3348ebe3a7f,2097,Anvi Verma,70.0,88.4,D,2,7831594532
222,68048804886da3348ebe3a80,2098,Rohan Roy,94.41818966745407,100.0,D,2,7791538396
223,68048804886da3348ebe3a81,2099,Dhruv Nair,70.79685112129715,68.06916008828112,D,2,6989548972
224,68048804886da3348ebe3a82,2100,Aarav Shah,86.4438603031731,100.0,D,2,7626749859
225,68048804886da3348ebe3a83,2101,Aisha Mehta,39.048908897565596,72.41795591517065,D,2,7679328192
226,68048804886da3348ebe3a84,2102,Yash Gupta,83.8669141561819,91.96750625171768,D,2,7627063989
227,68048804886da3348ebe3a85,2103,Aarav Jain,43.44997112276143,58.708134961138875,D,2,8158368136
228,68048804886da3348ebe3a86,2104,Vivaan Iyer,87.65146273357654,77.01843537196756,D,2,6511432490
229,68048804886da3348ebe3a87,2105,Kiara Reddy,76.67591930814932,69.64256287240873,D,2,7229775411
230,68048804886da3348ebe3a88,2106,Rohan Singh,59.82179515170245,54.45579230876709,D,2,8118364475
231,68048804886da3348ebe3a89,2107,Mishka Yadav,73.85924393748468,91.20293652056831,D,2,7944619411
232,68048804886da3348ebe3a8a,2108,Rohan Chauhan,51.92301922413603,74.52655220724321,D,2,8182975226
233,68048804886da3348ebe3a8b,2109,Diya Sharma,72.4,95.6,D,2,8517543149
234,68048804886da3348ebe3a8c,2110,Aisha Sharma,76.9,72.2,D,2,8018578654
235,68048804886da3348ebe3a8d,2111,Rahul Khan,52.46182598920785,83.26394235478433,D,2,6822860014
236,68048804886da3348ebe3a8e,2112,Riya Tiwari,56.6,64.7,D,2,9822980787
237,68048804886da3348ebe3a8f,2113,Amaira Reddy,66.1,76.3,D,2,6564678869
238,68048804886da3348ebe3a90,2114,Vikram Yadav,31.244262217042113,90.81582479860664,D,2,6459315381
239,68048804886da3348ebe3a91,2115,Advika Malhotra,57.059177455651174,68.86861958096125,D,2,7079254334
240,68048804886da3348ebe3a92,2116,Siya Kapoor,50.8,70.3,D,2,8612380719
241,68048804886da3348ebe3a93,2117,Shanaya Rathore,79.7,68.8,D,2,8307082521
242,68048804886da3348ebe3a94,2118,Kiara Joshi,70.7,82.4,D,2,9047550137
243,68048804886da3348ebe3a95,2119,Myra Sharma,77.12600880085364,72.93810084962293,D,2,6182842702
244,68048804886da3348ebe3a96,2120,Saanvi Mehta,54.49277963848152,81.33402887455041,D,2,8907500516
245,68048804886da3348ebe3a97,2121,Ayaan Mishra,77.1,76.5,D,2,6664936026
246,68048804886da3348ebe3a98,2122,Rahul Das,65.06637184024869,100.0,D,2,7136914541
247,68048804886da3348ebe3a99,2123,Krishna Patel,100.0,76.35191295306413,D,2,7460623633
248,68048804886da3348ebe3a9a,2124,Amaira Roy,38.03664407166305,67.00681212530012,D,2,9441888413
249,68048804886da3348ebe3a9b,2125,Reyansh Yadav,49.29981536553583,56.89116637394968,D,2,9203158743
250,68048804886da3348ebe3a9c,3001,Vihaan Joshi,94.1,95.9,A,3,9447037746
251,68048804886da3348ebe3a9d,3002,Pihu Nair,75.0,91.6,A,3,7582997151
252,68048804886da3348ebe3a9e,3003,Mishka Gupta,66.6,62.9,A,3,8330411048
253,68048804886da3348ebe3a9f,3004,Shaurya Shah,72.99466041748045,82.54782927695368,A,3,7496588880
254,68048804886da3348ebe3aa0,3005,Shanaya Reddy,33.370168821244064,75.85874774818184,A,3,7342828461
255,68048804886da3348ebe3aa1,3006,Pooja Yadav,83.653394282107,83.93697186457416,A,3,7015448335
256,68048804886da3348ebe3aa2,3007,Sarah Patel,88.29726052383133,58.6882687388336,A,3,6891540399
257,68048804886da3348ebe3aa3,3008,Dev Menon,47.77159611312814,60.63387049557037,A,3,9320625526
258,68048804886da3348ebe3aa4,3009,Dev Menon,74.78683145480313,61.70981894184157,A,3,7552830970
259,68048804886da3348ebe3aa5,3010,Saanvi Khan,70.47139388017867,69.73426896106083,A,3,7269131461
260,68048804886da3348ebe3aa6,3011,Aisha Mehta,65.38430428615223,73.48083227594991,A,3,8307915648
261,68048804886da3348ebe3aa7,3012,Neil Patel,53.45540450623953,88.25896545071194,A,3,9125312066
262,68048804886da3348ebe3aa8,3013,Sarah Naidu,40.9,61.9,A,3,8259082909
263,68048804886da3348ebe3aa9,3014,Navya Agarwal,84.1,69.0,A,3,9782972060
264,68048804886da3348ebe3aaa,3015,Rahul Agarwal,94.4,96.6,A,3,7760046992
265,68048804886da3348ebe3aab,3016,Kiara Bose,76.02003355403092,75.24823587699481,A,3,8377857513
266,68048804886da3348ebe3aac,3017,Mohammad Shah,77.2,84.6,A,3,8861194876
267,68048804886da3348ebe3aad,3018,Zara Dubey,42.1,83.9,A,3,9105935836
268,68048804886da3348ebe3aae,3019,Aryan Malhotra,48.9192028114317,82.04137021103807,A,3,6756758357
269,68048804886da3348ebe3aaf,3020,Dhruv Dubey,84.3,74.4,A,3,8499470889
270,68048804886da3348ebe3ab0,3021,Avika Joshi,57.6,96.1,A,3,6615029857
271,68048804886da3348ebe3ab1,3022,Amit Kapoor,73.4,99.7,A,3,9502137794
272,68048804886da3348ebe3ab2,3023,Ayaan Ghosh,72.83090106799504,64.20056803443387,A,3,7400139861
273,68048804886da3348ebe3ab3,3024,Krishna Menon,75.1677183379265,76.81089679590774,A,3,8764446297
274,68048804886da3348ebe3ab4,3025,Navya Mehta,60.01553083152817,100.0,A,3,8981921433
275,68048804886da3348ebe3ab5,3026,Vivaan Das,98.2,90.0,A,3,6425838543
276,68048804886da3348ebe3ab6,3027,Riya Khan,76.3,94.8,A,3,8232795010
277,68048804886da3348ebe3ab7,3028,Siya Dubey,88.7,64.7,A,3,7832420947
278,68048804886da3348ebe3ab8,3029,Aarav Jain,52.01979964002501,50.52736182867871,A,3,8696323179
279,68048804886da3348ebe3ab9,3030,Arjun Jain,27.382675472242095,77.28870919100197,A,3,7483132264
280,68048804886da3348ebe3aba,3031,Mohammad Malhotra,70.38182013265447,95.85440535383417,A,3,6784493353
281,68048804886da3348ebe3abb,3032,Ishaan Dubey,32.997704469679,67.65784416993897,B,3,9486890754
282,68048804886da3348ebe3abc,3033,Yash Tiwari,62.40600846931972,93.2573476982357,B,3,8555969614
283,68048804886da3348ebe3abd,3034,Riya Sharma,82.0,99.2,B,3,7193886845
284,68048804886da3348ebe3abe,3035,Kabir Reddy,54.1,61.7,B,3,8610514160
285,68048804886da3348ebe3abf,3036,Rahul Shah,91.73314225895356,100.0,B,3,6223006091
286,68048804886da3348ebe3ac0,3037,Vivaan Chauhan,64.0,64.6,B,3,9743146329
287,68048804886da3348ebe3ac1,3038,Ananya Singh,31.14945139239586,58.945517535456204,B,3,6824837531
288,68048804886da3348ebe3ac2,3039,Ishani Roy,81.84885587157571,97.14959489508504,B,3,9964001369
289,68048804886da3348ebe3ac3,3040,Myra Chauhan,39.4181983124293,61.078394678668026,B,3,8460566498
290,68048804886da3348ebe3ac4,3041,Sai Mehta,78.17371690444214,89.11450570723109,B,3,7852137007
291,68048804886da3348ebe3ac5,3042,Pooja Roy,77.7,78.0,B,3,8562920541
292,68048804886da3348ebe3ac6,3043,Vikram Bose,98.84607548957594,100.0,B,3,8052889155
293,68048804886da3348ebe3ac7,3044,Dhruv Iyer,50.2,89.8,B,3,7363717402
294,68048804886da3348ebe3ac8,3045,Diya Khan,41.1,65.4,B,3,6380793174
295,68048804886da3348ebe3ac9,3046,Rudra Iyer,78.7,70.2,B,3,8829089912
296,68048804886da3348ebe3aca,3047,Dev Bose,70.70355333926521,82.93634035275966,B,3,8288559007
297,68048804886da3348ebe3acb,3048,Diya Roy,87.8,79.9,B,3,7734166530
298,68048804886da3348ebe3acc,3049,Aditya Nair,76.23849765078661,55.50540892477593,B,3,8306670142
299,68048804886da3348ebe3acd,3050,Anvi Sharma,51.862950430118175,74.80388789825042,B,3,9308524620
300,68048804886da3348ebe3ace,3051,Neil Iyer,33.73803141408303,77.73992156112506,B,3,8060344939
301,68048804886da3348ebe3acf,3052,Priya Chopra,79.23080778506458,100.0,B,3,6154802975
302,68048804886da3348ebe3ad0,3053,Aadhya Bose,91.9157555772448,100.0,B,3,8032576781
303,68048804886da3348ebe3ad1,3054,Mishka Jain,53.85943110660605,89.05398540994592,B,3,6951296428
304,68048804886da3348ebe3ad2,3055,Arjun Jain,48.8,75.0,B,3,9933001000
305,68048804886da3348ebe3ad3,3056,Avni Khan,40.4,73.8,B,3,9038636746
306,68048804886da3348ebe3ad4,3057,Dhruv Patel,71.6,72.9,B,3,7525314552
307,68048804886da3348ebe3ad5,3058,Sai Das,62.23063211244601,72.20631910037544,B,3,7789914018
308,68048804886da3348ebe3ad6,3059,Mishka Naidu,98.1,66.7,B,3,6686737939
309,68048804886da3348ebe3ad7,3060,Krishna Tiwari,53.0,94.0,B,3,8570473892
310,68048804886da3348ebe3ad8,3061,Ananya Roy,60.4,95.1,B,3,7698173300
311,68048804886da3348ebe3ad9,3062,Shaurya Naidu,82.40011517265681,81.39440644804509,B,3,7255996485
312,68048804886da3348ebe3ada,3063,Vikram Menon,32.32175457545253,71.29594207538776,C,3,8748029802
313,68048804886da3348ebe3adb,3064,Pihu Chauhan,39.14167729373431,100.0,C,3,8381433147
314,68048804886da3348ebe3adc,3065,Kiara Dubey,97.8,62.8,C,3,9166771864
315,68048804886da3348ebe3add,3066,Shanaya Singh,83.7,99.4,C,3,6962651437
316,68048804886da3348ebe3ade,3067,Riya Menon,41.4,64.0,C,3,7806732638
317,68048804886da3348ebe3adf,3068,Zara Tiwari,93.34182507519913,53.46449153760047,C,3,7240439788
318,68048804886da3348ebe3ae0,3069,Krishna Nair,94.73773887437798,81.73193168323598,C,3,9886831829
319,68048804886da3348ebe3ae1,3070,Reyansh Nair,56.4,80.5,C,3,8982455410
320,68048804886da3348ebe3ae2,3071,Aryan Sharma,70.74923004613456,65.2843382708619,C,3,9539049657
321,68048804886da3348ebe3ae3,3072,Ayaan Gupta,93.38246144572425,80.32120525415175,C,3,9128577264
322,68048804886da3348ebe3ae4,3073,Advik Naidu,94.999840967653,72.07878911181629,C,3,8239232559
323,68048804886da3348ebe3ae5,3074,Aradhya Kumar,83.7,61.9,C,3,7686696573
324,68048804886da3348ebe3ae6,3075,Sarah Mishra,99.7,86.6,C,3,9205017880
325,68048804886da3348ebe3ae7,3076,Atharv Ghosh,58.22565181992407,87.13590852900953,C,3,8982249437
326,68048804886da3348ebe3ae8,3077,Vikram Kumar,46.5,85.7,C,3,8679301651
327,68048804886da3348ebe3ae9,3078,Vivaan Khan,40.8,95.1,C,3,7387229743
328,68048804886da3348ebe3aea,3079,Navya Singh,89.37304911677815,68.39077978868778,C,3,6030598964
329,68048804886da3348ebe3aeb,3080,Anika Patel,51.1,67.4,C,3,6503181161
330,68048804886da3348ebe3aec,3081,Anika Bose,93.5,69.5,C,3,7328771983
331,68048804886da3348ebe3aed,3082,Aarav Reddy,83.63564696079277,73.11466897606182,C,3,8262275228
332,68048804886da3348ebe3aee,3083,Mishka Bose,53.827482618976596,67.23755095697483,C,3,7303937503
333,68048804886da3348ebe3aef,3084,Aradhya Tiwari,57.8,68.4,C,3,9384704671
334,68048804886da3348ebe3af0,3085,Ishani Reddy,88.0,94.6,C,3,8364174478
335,68048804886da3348ebe3af1,3086,Pihu Dubey,100.0,100.0,C,3,8823827987
336,68048804886da3348ebe3af2,3087,Rahul Das,27.941448138369264,52.80778763066491,C,3,8336096870
337,68048804886da3348ebe3af3,3088,Ayaan Ghosh,60.1236955141039,69.12463427678219,C,3,7428546646
338,68048804886da3348ebe3af4,3089,Pooja Roy,78.90399493801957,64.3953785718027,C,3,7398356202
339,68048804886da3348ebe3af5,3090,Sai Menon,46.394990126733795,71.34281042137044,C,3,8521187370
340,68048804886da3348ebe3af6,3091,Mishka Yadav,33.09926399751596,63.0312420153057,C,3,7836126961
341,68048804886da3348ebe3af7,3092,Avika Sen,54.5,64.8,C,3,8178347162
342,68048804886da3348ebe3af8,3093,Sarah Naidu,76.0,94.9,C,3,9517159330
343,68048804886da3348ebe3af9,3094,Sai Sharma,83.87570212929313,96.417507879471,D,3,9285023233
344,68048804886da3348ebe3afa,3095,Vivaan Shah,46.241195990765604,61.94072542398872,D,3,8822343895
345,68048804886da3348ebe3afb,3096,Pari Patel,41.646253058869426,88.53494134907186,D,3,9891869048
346,68048804886da3348ebe3afc,3097,Myra Chopra,41.22856530661141,66.75146636193239,D,3,6564807522
347,68048804886da3348ebe3afd,3098,Priya Sharma,79.95779657222651,60.9651263369453,D,3,6226158976
348,68048804886da3348ebe3afe,3099,Aadhya Nair,42.4,98.6,D,3,7151980172
349,68048804886da3348ebe3aff,3100,Gauri Rathore,76.44725099392593,83.60168066350734,D,3,9222828622
350,68048804886da3348ebe3b00,3101,Krishna Verma,51.9,60.0,D,3,9904658429
351,68048804886da3348ebe3b01,3102,Ananya Nair,85.1,88.2,D,3,7214311878
352,68048804886da3348ebe3b02,3103,Kabir Chopra,67.3,81.8,D,3,7608591655
353,68048804886da3348ebe3b03,3104,Aarav Kumar,71.1628729370208,93.28220448946288,D,3,7832419566
354,68048804886da3348ebe3b04,3105,Rahul Nair,35.40206662084416,61.13863180176337,D,3,7878059830
355,68048804886da3348ebe3b05,3106,Kiara Singh,31.097212996992273,63.29663166808684,D,3,6713783322
356,68048804886da3348ebe3b06,3107,Kabir Tiwari,90.43557435701598,98.79156433156814,D,3,8980303529
357,68048804886da3348ebe3b07,3108,Avika Jain,44.4,92.4,D,3,9476584659
358,68048804886da3348ebe3b08,3109,Mohammad Yadav,39.33357794116752,87.98216460234921,D,3,6842470760
359,68048804886da3348ebe3b09,3110,Dev Dubey,51.6,79.5,D,3,7521570177
360,68048804886da3348ebe3b0a,3111,Riya Das,73.2796875388785,78.71064477587771,D,3,9269725462
361,68048804886da3348ebe3b0b,3112,Anika Yadav,40.5,77.4,D,3,6677970156
362,68048804886da3348ebe3b0c,3113,Aradhya Rathore,53.88417360861406,68.53589694749189,D,3,8526200327
363,68048804886da3348ebe3b0d,3114,Aadhya Pandey,68.5,69.2,D,3,9409832540
364,68048804886da3348ebe3b0e,3115,Reyansh Reddy,48.49636781994748,64.8847424181541,D,3,9577294181
365,68048804886da3348ebe3b0f,3116,Aradhya Joshi,81.4289510375647,53.87449263703333,D,3,7774759643
366,68048804886da3348ebe3b10,3117,Priya Chauhan,76.97642376534831,65.01682703279957,D,3,8864187060
367,68048804886da3348ebe3b11,3118,Myra Chauhan,57.213518961048685,80.82163806431947,D,3,7621213872
368,68048804886da3348ebe3b12,3119,Rohan Pandey,56.2913557237061,67.07608860154103,D,3,6449554719
369,68048804886da3348ebe3b13,3120,Navya Rathore,71.5,96.4,D,3,6368207736
370,68048804886da3348ebe3b14,3121,Saanvi Patel,42.25704555671294,76.7297249743275,D,3,7801014381
371,68048804886da3348ebe3b15,3122,Avni Naidu,67.1,65.2,D,3,7793609444
372,68048804886da3348ebe3b16,3123,Anika Naidu,82.5,77.6,D,3,6985154356
373,68048804886da3348ebe3b17,3124,Reyansh Bhatia,56.477557226204745,88.22690676861424,D,3,7433880998
374,68048804886da3348ebe3b18,3125,Vihaan Ghosh,48.59664948852033,94.00828353886432,D,3,8084231766
375,68048804886da3348ebe3b19,4001,Gauri Kumar,73.6,93.7,A,4,9629774809
376,68048804886da3348ebe3b1a,4002,Dhruv Sen,72.14622842006179,78.03747038553735,A,4,6028309767
377,68048804886da3348ebe3b1b,4003,Yash Khan,55.4,78.5,A,4,9093717219
378,68048804886da3348ebe3b1c,4004,Vihaan Yadav,44.43819403919604,88.94093909936184,A,4,6303170785
379,68048804886da3348ebe3b1d,4005,Avni Joshi,36.66853077277549,55.51728564701967,A,4,9870431764
380,68048804886da3348ebe3b1e,4006,Aradhya Jain,92.4,72.1,A,4,8286262950
381,68048804886da3348ebe3b1f,4007,Mohammad Yadav,39.211930391547824,81.05338028317192,A,4,7815216649
382,68048804886da3348ebe3b20,4008,Amit Kapoor,46.8,90.5,A,4,8324585117
383,68048804886da3348ebe3b21,4009,Aadhya Sharma,90.8,97.3,A,4,6740000870
384,68048804886da3348ebe3b22,4010,Vivaan Das,100.0,86.9410694228983,A,4,7053119140
385,68048804886da3348ebe3b23,4011,Neil Khan,100.0,100.0,A,4,8390309950
386,68048804886da3348ebe3b24,4012,Ananya Shah,44.10567659300591,61.51204261106851,A,4,6840284455
387,68048804886da3348ebe3b25,4013,Vihaan Gupta,85.0526997441213,82.29293514662608,A,4,6621488134
388,68048804886da3348ebe3b26,4014,Rudra Mehta,63.4386031389064,75.59266012900967,A,4,7075272228
389,68048804886da3348ebe3b27,4015,Ishani Verma,60.836387422137314,100.0,A,4,9398888775
390,68048804886da3348ebe3b28,4016,Aisha Malhotra,57.3,95.7,A,4,9886438491
391,68048804886da3348ebe3b29,4017,Yash Sen,32.43795211482194,60.744093316278764,A,4,9559305552
392,68048804886da3348ebe3b2a,4018,Rahul Sen,94.60334823812143,100.0,A,4,7709923372
393,68048804886da3348ebe3b2b,4019,Ananya Bhatia,75.8,63.0,A,4,9089642033
394,68048804886da3348ebe3b2c,4020,Shanaya Jain,49.557104010977675,54.73610139775752,A,4,8924909225
395,68048804886da3348ebe3b2d,4021,Navya Mishra,54.99626583072636,94.12237517752457,A,4,8189732045
396,68048804886da3348ebe3b2e,4022,Anvi Pandey,74.2,71.0,A,4,8646132483
397,68048804886da3348ebe3b2f,4023,Shaurya Menon,89.63479401385291,67.06729582792003,A,4,6849213580
398,68048804886da3348ebe3b30,4024,Priya Patel,51.6,95.3,A,4,9418390069
399,68048804886da3348ebe3b31,4025,Arjun Menon,68.92536836808266,92.96643395712343,A,4,6705299351
400,68048804886da3348ebe3b32,4026,Kabir Sharma,79.24044262778716,71.42018048960165,A,4,8539632754
401,68048804886da3348ebe3b33,4027,Amaira Chopra,83.78758415125834,80.70575847675813,A,4,9011748153
402,68048804886da3348ebe3b34,4028,Ishani Joshi,26.398319456029643,53.452978001696955,A,4,7378410409
403,68048804886da3348ebe3b35,4029,Kiara Roy,71.17916225708966,94.76725001247429,A,4,6642601190
404,68048804886da3348ebe3b36,4030,Saanvi Shah,94.9,79.5,A,4,9998476346
405,68048804886da3348ebe3b37,4031,Vihaan Sharma,67.31911235711175,93.81888504463606,A,4,8534389445
406,68048804886da3348ebe3b38,4032,Vihaan Verma,85.1,88.6,B,4,6846631435
407,68048804886da3348ebe3b39,4033,Saanvi Jain,82.12272254144786,81.90723212449035,B,4,8297236750
408,68048804886da3348ebe3b3a,4034,Sai Chopra,62.4356888624069,64.6164387406225,B,4,6229250144
409,68048804886da3348ebe3b3b,4035,Arjun Naidu,54.66400558999191,76.67093207962083,B,4,7375141686
410,68048804886da3348ebe3b3c,4036,Ishani Pandey,89.58472947610483,81.33504917927368,B,4,7886747965
411,68048804886da3348ebe3b3d,4037,Kiara Naidu,62.977269554762785,89.88323320217776,B,4,9566863712
412,68048804886da3348ebe3b3e,4038,Amaira Bhatia,99.0,84.2,B,4,9787997434
413,68048804886da3348ebe3b3f,4039,Amit Singh,97.5,90.7,B,4,8032201460
414,68048804886da3348ebe3b40,4040,Shaurya Iyer,81.05128991520597,67.52074775217028,B,4,9877877366
415,68048804886da3348ebe3b41,4041,Siya Khan,50.0,98.77424232798101,B,4,7448820413
416,68048804886da3348ebe3b42,4042,Aryan Singh,69.5,98.8,B,4,9062177775
417,68048804886da3348ebe3b43,4043,Diya Sharma,71.5,88.1,B,4,7242553289
418,68048804886da3348ebe3b44,4044,Shanaya Khan,56.45868082446097,71.14463140105157,B,4,7744897720
419,68048804886da3348ebe3b45,4045,Riya Mehta,81.9929545289138,74.43471891182571,B,4,8820253202
420,68048804886da3348ebe3b46,4046,Aryan Naidu,58.9,67.8,B,4,8463168177
421,68048804886da3348ebe3b47,4047,Kabir Sen,86.00269578752898,82.12551724705564,B,4,7604946849
422,68048804886da3348ebe3b48,4048,Rohan Jain,44.28237067592559,76.64604033586572,B,4,8783319557
423,68048804886da3348ebe3b49,4049,Shaurya Reddy,54.22033043333945,57.21084655464003,B,4,7694943171
424,68048804886da3348ebe3b4a,4050,Pooja Shah,53.992773073958155,48.044306490600654,B,4,7562687075
425,68048804886da3348ebe3b4b,4051,Sarah Kumar,74.0,61.1,B,4,7923176631
426,68048804886da3348ebe3b4c,4052,Vihaan Shah,89.4,96.3,B,4,9629182277
427,68048804886da3348ebe3b4d,4053,Pari Das,50.8,97.2,B,4,6516577565
428,68048804886da3348ebe3b4e,4054,Aisha Mishra,53.9,90.6,B,4,8223091271
429,68048804886da3348ebe3b4f,4055,Sai Dubey,44.9,74.4,B,4,7147446058
430,68048804886da3348ebe3b50,4056,Arjun Sharma,72.3,95.6,B,4,7630029525
431,68048804886da3348ebe3b51,4057,Siya Sen,62.0,79.4,B,4,8048994586
432,68048804886da3348ebe3b52,4058,Ananya Tiwari,95.99294875424161,80.63248382469037,B,4,7013985004
433,68048804886da3348ebe3b53,4059,Pooja Joshi,69.96895853043733,74.52997490995237,B,4,7163909100
434,68048804886da3348ebe3b54,4060,Mishka Rathore,55.0,84.4,B,4,8822966011
435,68048804886da3348ebe3b55,4061,Advika Kapoor,58.73787548079346,98.28176514303011,B,4,8231091713
436,68048804886da3348ebe3b56,4062,Avni Kumar,34.7139335891931,60.172016038485374,B,4,9391283193
437,68048804886da3348ebe3b57,4063,Mishka Agarwal,94.05221677647546,82.28011028259279,C,4,6300960324
438,68048804886da3348ebe3b58,4064,Advik Rathore,75.6,95.1,C,4,6034660160
439,68048804886da3348ebe3b59,4065,Kabir Pandey,42.00285765651074,54.43291630914191,C,4,8145095356
440,68048804886da3348ebe3b5a,4066,Pari Naidu,97.5,62.7,C,4,6852561791
441,68048804886da3348ebe3b5b,4067,Yash Rathore,77.7718088953264,69.82371537298219,C,4,7934177796
442,68048804886da3348ebe3b5c,4068,Advik Singh,63.7,87.5,C,4,6016611453
443,68048804886da3348ebe3b5d,4069,Kabir Verma,55.75163127178271,93.9157286623838,C,4,6160767475
444,68048804886da3348ebe3b5e,4070,Avika Agarwal,67.16552293395779,58.416394978037765,C,4,9102306537
445,68048804886da3348ebe3b5f,4071,Sneha Joshi,46.63289360871615,81.64224748247692,C,4,9211899199
446,68048804886da3348ebe3b60,4072,Aisha Malhotra,45.480043725760495,50.81881226533838,C,4,7979365758
447,68048804886da3348ebe3b61,4073,Aisha Pandey,96.93348124671242,83.84872871516617,C,4,6661787453
448,68048804886da3348ebe3b62,4074,Priya Bose,86.54926307797857,79.68883390074578,C,4,6684660409
449,68048804886da3348ebe3b63,4075,Advika Sharma,81.3,99.8,C,4,6026034330
450,68048804886da3348ebe3b64,4076,Diya Singh,73.1,86.1,C,4,6478314008
451,68048804886da3348ebe3b65,4077,Navya Sen,70.61170872417861,75.27288548916673,C,4,8614369030
452,68048804886da3348ebe3b66,4078,Pari Kapoor,82.03888769338673,100.0,C,4,9696578685
453,68048804886da3348ebe3b67,4079,Gauri Pandey,81.5513517934231,70.79507796572203,C,4,9221794482
454,68048804886da3348ebe3b68,4080,Anika Khan,83.87480448020122,79.37406234244531,C,4,8870211249
455,68048804886da3348ebe3b69,4081,Rudra Sen,100.0,100.0,C,4,7316167480
456,68048804886da3348ebe3b6a,4082,Dev Patel,73.9,96.1,C,4,8479081433
457,68048804886da3348ebe3b6b,4083,Shanaya Mishra,47.8,69.4,C,4,6994671344
458,68048804886da3348ebe3b6c,4084,Rudra Sen,70.8,75.3,C,4,7154077636
459,68048804886da3348ebe3b6d,4085,Pihu Rathore,51.87907882278917,81.17572091097449,C,4,7220897799
460,68048804886da3348ebe3b6e,4086,Arjun Bose,53.37846886422519,54.60088298440853,C,4,9301824865
461,68048804886da3348ebe3b6f,4087,Arjun Khan,54.728618547515566,77.25242133590581,C,4,6329021672
462,68048804886da3348ebe3b70,4088,Arjun Gupta,65.7,84.0,C,4,7972040980
463,68048804886da3348ebe3b71,4089,Anika Agarwal,69.116041301069,79.56009931502462,C,4,9645265507
464,68048804886da3348ebe3b72,4090,Mishka Kumar,86.7,96.8,C,4,6602943862
465,68048804886da3348ebe3b73,4091,Pihu Yadav,69.68236134600602,72.45139377512116,C,4,7940691194
466,68048804886da3348ebe3b74,4092,Yash Singh,45.2,62.0,C,4,7407110863
467,68048804886da3348ebe3b75,4093,Aditya Malhotra,64.56396737344603,88.72346116880655,C,4,8095486730
468,68048804886da3348ebe3b76,4094,Kabir Jain,95.40015538932998,77.77891991848892,D,4,6235342073
469,68048804886da3348ebe3b77,4095,Rohan Joshi,50.193150809890966,78.0621394406632,D,4,8037016113
470,68048804886da3348ebe3b78,4096,Reyansh Jain,93.54752343298651,100.0,D,4,6347147189
471,68048804886da3348ebe3b79,4097,Diya Verma,83.6452329271737,62.435872697801074,D,4,8074705035
472,68048804886da3348ebe3b7a,4098,Avni Dubey,58.30355178115546,78.87762963332068,D,4,6817433495
473,68048804886da3348ebe3b7b,4099,Atharv Joshi,100.0,100.0,D,4,6924896376
474,68048804886da3348ebe3b7c,4100,Zara Singh,76.23823148222189,62.69248874842363,D,4,9177438066
475,68048804886da3348ebe3b7d,4101,Dhruv Das,79.8161631210329,86.65900711706855,D,4,9810386737
476,68048804886da3348ebe3b7e,4102,Priya Bhatia,42.5,64.0,D,4,6896202808
477,68048804886da3348ebe3b7f,4103,Krishna Khan,100.0,100.0,D,4,9593888277
478,68048804886da3348ebe3b80,4104,Aarav Verma,60.16495555808588,86.87707840992324,D,4,7534662968
479,68048804886da3348ebe3b81,4105,Riya Chauhan,100.0,96.58919090442626,D,4,8814642544
480,68048804886da3348ebe3b82,4106,Reyansh Patel,82.8,81.8,D,4,6437555896
481,68048804886da3348ebe3b83,4107,Anika Verma,74.36106875834447,75.10703257282985,D,4,7761574006
482,68048804886da3348ebe3b84,4108,Aisha Malhotra,44.3,93.1,D,4,6081140595
483,68048804886da3348ebe3b85,4109,Aradhya Verma,96.90530865127302,87.0139638902897,D,4,9686139609
484,68048804886da3348ebe3b86,4110,Kiara Nair,89.7,88.4,D,4,7574825001
485,68048804886da3348ebe3b87,4111,Avika Tiwari,78.6,71.4,D,4,6796287824
486,68048804886da3348ebe3b88,4112,Neil Khan,89.7,80.5,D,4,8398529540
487,68048804886da3348ebe3b89,4113,Dev Bhatia,41.0,67.0,D,4,8522127380
488,68048804886da3348ebe3b8a,4114,Dhruv Iyer,95.5335433257787,77.9293924510144,D,4,8989578234
489,68048804886da3348ebe3b8b,4115,Navya Reddy,52.8,60.1,D,4,7755660887
490,68048804886da3348ebe3b8c,4116,Ayaan Pandey,92.61851168030161,75.21290591664302,D,4,7537381907
491,68048804886da3348ebe3b8d,4117,Ishani Mishra,78.42356660663796,79.36465627675054,D,4,9094777679
492,68048804886da3348ebe3b8e,4118,Shanaya Nair,82.79194272622883,98.3637274201335,D,4,7353851749
493,68048804886da3348ebe3b8f,4119,Gauri Mehta,93.5,69.7,D,4,9296162324
494,68048804886da3348ebe3b90,4120,Amaira Singh,84.21150242806266,100.0,D,4,9320071784
495,68048804886da3348ebe3b91,4121,Rohan Reddy,93.99717351200081,61.979270690314074,D,4,8532347938
496,68048804886da3348ebe3b92,4122,Atharv Chauhan,99.1,61.7,D,4,6655982241
497,68048804886da3348ebe3b93,4123,Vikram Roy,80.59193976221358,100.0,D,4,9361669477
498,68048804886da3348ebe3b94,4124,Pooja Gupta,94.50305370864635,73.76044008135791,D,4,6840563441
499,68048804886da3348ebe3b95,4125,Pari Patel,83.81654289381888,80.26792788823052,D,4,9579451620
